Product Name,Product Type,Internal Category
ALLEN BOLT,Stockable Product,All
BEARING,Stockable Product,All
BUSH,Stockable Product,All
CIRCLIP,Stockable Product,All
CIRCLIP $(BEVEL),Stockable Product,All
COLLAR,Stockable Product,All
DOWEL PIN,Stockable Product,All
EYE BOLT,Stockable Product,All
EYE BOLT,Stockable Product,All
HANDWHEEL,Stockable Product,All
HARD WASHER,Stockable Product,All
HARD WASHER$(BOTTOM),Stockable Product,All
HARD WASHER$(TOP),Stockable Product,All
HARD WASHER$(TOP/BOTTOM),Stockable Product,All
HEX BOLT,Stockable Product,All
INDICATOR PLATE,Stockable Product,All
INTERMEDIATE GEAR,Stockable Product,All
INTERMEDIATE SHAFT,Stockable Product,All
NEEDLE ROLLER CAGE,Stockable Product,All
O RING,Stockable Product,All
PARALLEL KEY,Stockable Product,All
PINION SHAFT,Stockable Product,All
PINION SHAFT -II,Stockable Product,All
PINION SHAFT (AUMA),Stockable Product,All
PINION SHAFT (MT-2),Stockable Product,All
PINION SHAFT (ROTORK),Stockable Product,All
PINION SHAFT (STD),Stockable Product,All
PINION SHAFT MM-02,Stockable Product,All
PINION SHAFT MT-02,Stockable Product,All
PINION SHAFT MT-02(EO),Stockable Product,All
PINION SHAFT MX-02,Stockable Product,All
PINION SHAFT MX-02(EO),Stockable Product,All
PINION SHAFT SM-03,Stockable Product,All
PINION SHAFT SM-03 (Auma),Stockable Product,All
PINION SHAFT SM-03 (HW),Stockable Product,All
PINION SHAFT SM-03 (Rotork),Stockable Product,All
PINION SHAFT SM-05,Stockable Product,All
PINION SHAFT SM-05 (Auma),Stockable Product,All
PINION SHAFT SM-05 (Rotork),Stockable Product,All
PINION SHAFT ST-05,Stockable Product,All
PINION SHAFT-I,Stockable Product,All
PINION SHAFT-I (MSB-2),Stockable Product,All
PINION SHAFT-I-DC-09,Stockable Product,All
PINION SHAFT-II-DC-09,Stockable Product,All
PINION SHAFT(IND.250/300SV),Stockable Product,All
PINION SHAFT(K950F10E),Stockable Product,All
PINION SHAFT$(BEVEL),Stockable Product,All
QUADRANT,Stockable Product,All
SGB COVER,Stockable Product,All
SGB COVER  DC-09,Stockable Product,All
SGB COVER  MT-02,Stockable Product,All
SGB COVER  SM-03,Stockable Product,All
SGB COVER  SM-05,Stockable Product,All
SGB COVER  ST-05,Stockable Product,All
SGB COVER (E/O),Stockable Product,All
SGB COVER MM-02,Stockable Product,All
SGB COVER MT-02,Stockable Product,All
SGB COVER MX-02,Stockable Product,All
SGB COVER SM-03,Stockable Product,All
SGB COVER SM-05,Stockable Product,All
SGB HOUSING,Stockable Product,All
SGB HOUSING DC-09,Stockable Product,All
SGB HOUSING MM-02,Stockable Product,All
SGB HOUSING MT-02,Stockable Product,All
SGB HOUSING MX-02,Stockable Product,All
SGB HOUSING SM-03,Stockable Product,All
SGB HOUSING SM-05,Stockable Product,All
SGB HOUSING ST-05,Stockable Product,All
SOC.HD.GRUB SCREW,Stockable Product,All
SPACER,Stockable Product,All
SPUR GEAR,Stockable Product,All
SPUR GEAR -I,Stockable Product,All
SPUR GEAR -I-DC-09,Stockable Product,All
SPUR GEAR -I-DT-09,Stockable Product,All
SPUR GEAR -II,Stockable Product,All
SPUR GEAR -II-DC-09,Stockable Product,All
SPUR GEAR -II-DT-09,Stockable Product,All
SPUR GEAR-MT-02,Stockable Product,All
SPUR GEAR-MX-02,Stockable Product,All
SPUR GEAR-SM-03,Stockable Product,All
SPUR GEAR-SM-05,Stockable Product,All
SPUR GEAR (IND.),Stockable Product,All
SPUR GEAR (O/R),Stockable Product,All
SPUR GEAR (STD),Stockable Product,All
SPUR GEAR (STD/IND),Stockable Product,All
SPUR GEAR $(INDICATOR),Stockable Product,All
SPUR GEAR MM-02,Stockable Product,All
SPUR GEAR MT-02,Stockable Product,All
SPUR GEAR MX-02,Stockable Product,All
SPUR GEAR SM-03,Stockable Product,All
SPUR GEAR SM-05,Stockable Product,All
SPUR GEAR ST-05,Stockable Product,All
SPUR GEAR-I-DC-09,Stockable Product,All
SPUR GEAR-II-DC-09,Stockable Product,All
STEEL BALL,Stockable Product,All
THRUST RACES,Stockable Product,All
TOP COVER,Stockable Product,All
TORQUE FUSE,Stockable Product,All
WASHER,Stockable Product,All
WGB COVER,Stockable Product,All
WGB COVER (Casting),Stockable Product,All
WGB COVER (Machining),Stockable Product,All
WGB HOUSING,Stockable Product,All
WGB HOUSING (Casting),Stockable Product,All
WGB HOUSING (Machining),Stockable Product,All
WORM,Stockable Product,All
WORM SHAFT,Stockable Product,All
WORMWHEEL,Stockable Product,All
WORMWHEEL,Stockable Product,All
WORMWHEEL (Casting),Stockable Product,All
WORMWHEEL (Machining),Stockable Product,All
ML-S(4)/F25,Stockable Product,All
ML-S(5)/F30,Stockable Product,All
ML-S(9)/F30,Stockable Product,All
ML-S(5)/F16,Stockable Product,All
ML-S(4)/F16,Stockable Product,All
ML-S(2)/F16,Stockable Product,All
ML-S(5)/F25,Stockable Product,All
ML-S(6)/F30,Stockable Product,All
OR-S(05)/F25,Stockable Product,All
OR-S(05)/F30,Stockable Product,All
OR-S 350 (06)/F30/F35,Stockable Product,All
ML-W(13)/F16,Stockable Product,All
ML-W(13)/F25,Stockable Product,All
ML-W(60)/F35,Stockable Product,All
ML-W 30/F30,Stockable Product,All
ML-W 165(15)/F30,Stockable Product,All
SLM-09(60)/F12,Stockable Product,All
SLM-12(40)/F10 EO,Stockable Product,All
SLM-14(50)/F12,Stockable Product,All
SLM-27(50)/F14,Stockable Product,All
SLM-27(50)/F12,Stockable Product,All
SLM-37(80)/F14,Stockable Product,All
SLM-37A(80)/F14,Stockable Product,All
SLM-37(50)/F16,Stockable Product,All
SLM-53(150)/F16,Stockable Product,All
SLM-66(200)/F16,Stockable Product,All
SLM-66(200)/F25,Stockable Product,All
SLT-115(250)/F25,Stockable Product,All
SLT-125(360)/F25,Stockable Product,All
SLT-165(500)/F30,Stockable Product,All
SLT-200(720)/F30,Stockable Product,All
SLT-250(900)/F35,Stockable Product,All
SLT-350(1215)/F35,Stockable Product,All
SLT-460(2160)/F35,Stockable Product,All
SLT-165(500)/F30,Stockable Product,All
SLT-200(720)/F30,Stockable Product,All
SLS-006/F40,Stockable Product,All
WORMSHAFT,Stockable Product,All
SGB COVER DT-09,Stockable Product,All
SGB HOUSING DT-09,Stockable Product,All
STOPPER STUD WITH NUT,Stockable Product,All
PINION SHAFT-I-DT-09,Stockable Product,All
PINION SHAFT-II-DT-09,Stockable Product,All
